source_id,provider,dataset,need_covered,source_page,candidate_download_or_api,url_verified_in_this_run,access_method_planned,format,geographic_coverage,granularity,data_year,last_update,retrieved_at,fields_expected,join_keys,crs,license_terms,cost_account,query_tried,sample_records,limitations,discovery_status,access_status,evidence,script,next_action
A_atout_france,Atout France (data.gouv.fr),Hébergements touristiques classés en France,"Otel/konaklama arzı, yıldız, kapasite → turizm haritası; otel ortaklık hedef listesi",https://www.data.gouv.fr/datasets/hebergements-touristiques-classes-en-france,https://www.data.gouv.fr/api/1/datasets/hebergements-touristiques-classes-en-france/ (kaynak URL'si API'den dinamik çözülür),Hayır — ağ politikası engelledi,Toplu dosya (ulusal CSV tamamı; Paris süzmesi sonra),CSV (beklenen; doğrulanmadı),Fransa geneli,Tesis (adres),Doğrulanmadı,Doğrulanmadı,2026-10-07 (deneme; bağlantı reddedildi),"Doğrulanmadı. Beklenen: tür, yıldız, ticari ad, adres, posta kodu, komün, kapasite (kişi), oda/ünite sayısı. Koordinat sütunu olmayabilir.",Adres + posta kodu (resmî kimlik yok gibi; doğrulanacak) → BDCOM/OSM ile adres/ad eşleştirmesi,Koordinat varsa bilinmiyor; yoksa geocoding gerekir (H),Doğrulanmadı (data.gouv üzerinde genellikle Licence Ouverte; sayfadan teyit),"Ücretsiz, hesap gerekmez (beklenen)",GET data.gouv API dataset meta,0,"Yalnızca SINIFLANDIRILMIŞ tesisler; sınıfsız oteller, Airbnb vb. kapsam dışı. Oda sayısı alanı her türde dolu olmayabilir.",Bulundu,Engellendi,logs/access_check_2026-10-07.csv; logs/collection_log.jsonl,scripts/fetch_datagouv.py --only A_atout_france,Ağ açılınca çalıştır; sütunları ve Paris satır sayısını profile bak
B_apur_bdcom,APUR,BDCOM — Base de données des commerces parisiens,"Rakipler (döviz bürosu), seyahat acenteleri, oteller, bankalar; zemin kat ticari yoğunluk",https://www.apur.org/fr/open-data-cartes/open-data/base-donnees-commerces-parisiens,https://opendata.apur.org/data.json (DCAT katalog) → ArcGIS FeatureServer katmanı dinamik çözülür,Hayır — ağ politikası engelledi,API (ArcGIS FeatureServer: alanlar+kod alanları+örnek); tam katman gerekirse toplu GeoJSON/CSV,GeoJSON/CSV/SHP/KML + GeoService (arama sonucuna göre; doğrulanmadı),Yalnızca Paris (20 arr.),Zemin kat ticari lokal (adres),"2023 (arama sonucu: Haziran 2023 saha sayımı, 83 154 lokal; doğrulanmadı). 2017, 2020 sürümleri de var",Doğrulanmadı (3 yılda bir; 2026 sayımı yayımlanmış olabilir — kontrol),2026-10-07 (deneme; bağlantı reddedildi),"Doğrulanmadı: faaliyet kodu/etiketi, adres, koordinat, arrondissement",Adres; koordinat (mekânsal); faaliyet kodu,Doğrulanmadı (sorguda outSR=4326 isteniyor),ODbL (arama sonucu; doğrulanmadı) — atıf + paylaşım koşulu,"Ücretsiz, hesap gerekmez (beklenen)",GET opendata.apur.org/data.json,0,"Yalnızca vitrinli zemin kat lokaller; ofis katındaki işletmeler, otel içi döviz/ATM yok. Faaliyet kodlarıyla döviz bürosu/seyahat acentesi ayrımı sözlükle DOĞRULANMADI.",Bulundu,Engellendi,logs/collection_log.jsonl,scripts/fetch_apur_bdcom.py --limit 100,Kod sözlüğünü indir; change/voyage/hôtel kodlarını elle doğrula
C_osm_overpass,OpenStreetMap katkıcıları / Overpass API,"amenity=bureau_de_change, atm, bank, money_transfer; atm=yes; currency:*","Rakip döviz büroları, ATM'ler, yabancı para ATM adayları, para transferi (ayrı), çalışma saatleri",https://wiki.openstreetmap.org/wiki/Overpass_API,https://overpass-api.de/api/interpreter (POST),Hayır — ağ politikası engelledi,API (Overpass; kategori başına tam sayım + ≤100 örnek). Tam çekim de küçük olur.,JSON,Küresel; sorgu Paris belediyesi sınırı (ref:INSEE=75056) veya tampon kutusu,Nokta/bina,Canlı veri (çekim anı),Sürekli,2026-10-07 (deneme; bağlantı reddedildi),"Kayıtta varsa: name, brand, operator, addr:*, opening_hours, access, currency:*, cash_in, atm, self_service",osm_type+osm_id; mekânsal yakınlık; isim/marka,WGS84 (EPSG:4326) — OSM standardı,ODbL — '© OpenStreetMap contributors' atfı zorunlu,Ücretsiz; kamu Overpass örneğinde adil kullanım (hız sınırı) var,7 kategori × (count + sample) Overpass sorgusu,0,Tamlık bilinmiyor; etiket eksikliği 'hizmet yok' değildir. Bankada atm=yes + ayrı amenity=atm → çifte sayım riski. Otomatik döviz makinesi için yerleşik etiket yok (aday filtreler).,Bulundu (etiket anlamları arama özetinde görüldü; wiki doğrudan açılamadı),Engellendi,logs/collection_log.jsonl,scripts/fetch_osm_overpass.py --limit 100,Çalıştır; atm_on_other_feature ile atm_standalone'u 30–50 m içinde eşleştirerek çifte sayımı ölç
D_insee_filosofi,INSEE,"Revenus, pauvreté et niveau de vie en 2021 (Iris) — Filosofi",Gelir haritası (IRIS medyan yaşam düzeyi vb.),https://www.insee.fr/fr/statistiques/8229323,Sayfadaki /fichier/8229323/*.zip bağlantıları (dinamik çıkarılır),Hayır — ağ politikası engelledi,Toplu dosya (ZIP içinde CSV),ZIP/CSV (beklenen),Fransa (≥5 000 nüfuslu komünlerin IRIS'leri),IRIS,Gelir yılı 2021,Yayın tarihi doğrulanmadı (sayfadan okunacak). Arama özetine göre Filosofi 2022 kalite nedeniyle ÜRETİLMEYECEK → 2021 en günceli olabilir (teyit gerekli),2026-10-07 (deneme; bağlantı reddedildi),"Doğrulanmadı: IRIS kodu, medyan (DISP_MED…), desil/yoksulluk göstergeleri",IRIS (9 karakter) ↔ Contours IRIS CODE_IRIS; aynı coğrafya yılı şart,Yok (tablo),Doğrulanmadı (INSEE: Licence Ouverte beklenir),Ücretsiz,GET yayın sayfası,0,"İstatistiksel gizlilik: az haneli IRIS'lerde değerler boş olabilir. Paris IRIS kodları arrondissement kodlarıyla (751xx) başlar, 75056 ile değil.",Bulundu,Engellendi,logs/collection_log.jsonl,scripts/fetch_insee_filosofi.py,Sayfadaki 'géographie au 1er janvier' yılını oku; IRIS kontur sürümünü buna göre seç
E_iris_contours,IGN / INSEE (data.gouv.fr),Contours… IRIS®,Gelir verisinin haritalanması için IRIS poligonları,https://www.data.gouv.fr/datasets/contours-iris-r-2,data.gouv API → kaynak listesi (IGN Géoplateforme 7z arşivleri),Hayır — ağ politikası engelledi,Toplu dosya (büyük arşiv; yalnızca --download-large ile),7z içinde GPKG/SHP (beklenen),Fransa,IRIS poligonu,Yıllık sürümler (millésime),Arama özeti: 30/04/2026 (doğrulanmadı),2026-10-07 (deneme; bağlantı reddedildi),"CODE_IRIS, NOM_IRIS, INSEE_COM, TYP_IRIS (doğrulanmadı)",CODE_IRIS ↔ Filosofi IRIS,Metropol için Lambert-93 (EPSG:2154) beklenir; arşivden doğrulanacak,Doğrulanmadı (Licence Ouverte 2.0 beklenir),Ücretsiz,GET data.gouv API dataset meta,0,Dosya büyük; yalnızca Paris (75101–75120) katmanı ayıklanmalı. Filosofi'nin coğrafya yılıyla aynı sürüm seçilmeli.,Bulundu,Engellendi,logs/collection_log.jsonl,scripts/fetch_datagouv.py --only E_iris_contours [--download-large],Filosofi coğrafya yılını belirledikten sonra doğru sürümü indir
F1_sncf_frequentation,SNCF Gares & Connexions,Fréquentation en gares,Ulaşım haritası: büyük garların yıllık yolcu hacmi,https://ressources.data.sncf.com/explore/dataset/frequentation-gares/,https://ressources.data.sncf.com/api/explore/v2.1/catalog/datasets/frequentation-gares/exports/csv,Hayır — ağ politikası engelledi,"Toplu dosya (küçük ulusal tablo, tamamı)",CSV,Fransa (~3 000 gar),Gar × yıl,2015–2024 (arama özeti; doğrulanmadı),Yıllık,2026-10-07 (deneme; bağlantı reddedildi),"Gar adı, UIC kodu, posta kodu, yıllık 'voyageurs' (+ toplam 'non voyageurs' olabilir)",UIC kodu; gar adı ↔ IDFM zone d'arrêt (eşleştirme tablosu gerekecek),Koordinat yok olabilir; gar konumları ayrı veri setinden,Doğrulanmadı (SNCF açık verisi çoğunlukla ODbL),Ücretsiz,GET dataset meta + CSV export,0,Île-de-France bölgesel trafiği 3–4 yılda bir yapılan sayımlardan EKSTRAPOLE (arama özeti). Yolcu ≠ turist ≠ yaya.,Bulundu,Engellendi,logs/collection_log.jsonl,scripts/fetch_opendatasoft.py --only F1_sncf_frequentation,Ölçüm tanımını sayfadan teyit et
F2_idfm_validations,Île-de-France Mobilités,Validations sur le réseau ferré: nombre par jour / profils horaires par jour type; gar konumları,Ulaşım ve çalışma saatleri haritaları: istasyon bazlı günlük doğrulama ve saatlik profil,https://data.iledefrance-mobilites.fr/,https://data.iledefrance-mobilites.fr/api/explore/v2.1/catalog/datasets (keşif) → /records,Hayır — ağ politikası engelledi,API keşif + örnek; tam dönem dosyaları toplu CSV (çeyrek/yarıyıl),CSV/JSON,Île-de-France (Paris'ten geniş),İstasyon (zone d'arrêt) × gün; İstasyon × gün türü × saat dilimi,Arama özeti: 2025 Ç4'e kadar günlük veri data.gouv'da listeli (doğrulanmadı),Çeyreklik (beklenen),2026-10-07 (deneme; bağlantı reddedildi),"Arama özeti: COD_STIF/ID_REFA_LDA, istasyon adı, CAT_JOUR, TRNC_HORR_60, pourcentage_validations; günlükte NB_VALD ve bilet türü",ID_REFA_LDA (zone d'arrêt) ↔ istasyon konum veri seti,Konum veri setinde doğrulanacak,Doğrulanmadı,Ücretsiz (beklenen),Katalog araması,0,"Doğrulama = giriş kartı okutma; çıkışlar, biletsiz geçiş, turist payı yok. Az doğrulamalı istasyonlar gizlenebilir.",Bulundu,Engellendi,logs/collection_log.jsonl,scripts/fetch_opendatasoft.py --only F2_idfm_validations,Güncel veri seti kimliklerini ve bilet türü sözlüğünü al
G_bdf_especes,Banque de France / CNMP,Accès du public aux espèces — actualisation fin 2025,ATM bağlamı (nakde erişim eğilimi),https://www.banque-france.fr/fr/publications-et-statistiques/publications/acces-du-public-aux-especes-actualisation-de-letat-des-lieux-fin-2025,Arama sonucunda PDF: https://www.banque-france.fr/system/files/2026-07/2025_Rapport_Accessibilit%C3%A9.pdf (doğrulanmadı),Hayır — ağ politikası engelledi,Rapor (PDF) + sayfada tablo bağlantısı aranır,HTML/PDF,Metropol Fransa,Ulusal/komün düzeyi göstergeler (adres düzeyi DAB verisi beklenmiyor),Durum: 2025 sonu,Rapor 2026 (PDF yolu 2026-07),2026-10-07 (deneme; bağlantı reddedildi),—,Varsa komün kodu,—,Doğrulanmadı,Ücretsiz,GET sayfa,0,"Harita/rapor, adres düzeyinde ATM listesi veya API OLARAK SUNULMAMALI.",Bulundu,Engellendi (tür: Yalnızca rapor/harita olması bekleniyor),logs/collection_log.jsonl,scripts/fetch_reports.py,Sayfada XLSX/CSV ek var mı elle bak
H_geoplateforme_geocodage,IGN Géoplateforme,Service de géocodage,Koordinatı olmayan kayıtlar için adres → koordinat,https://cartes.gouv.fr/aide/fr/guides-utilisateur/utiliser-les-services-de-la-geoplateforme/geocodage/,https://data.geopf.fr/geocodage/search?q=…&index=address&limit=1,Hayır — ağ politikası engelledi,API (yalnızca koordinatsız kayıtlar; toplu ihtiyaçta /geocodage/search/csv değerlendirilecek),GeoJSON,Fransa,Adres,BAN canlı,Sürekli,2026-10-07 (deneme; bağlantı reddedildi),"label, score, citycode, postcode, coordinates",—,WGS84 çıktı (beklenen),Doğrulanmadı,"Ücretsiz, anahtarsız; IP başına ~50 istek/sn (arama özeti)",5 kamuya açık adres,0,Skor eşiği belirlenmeli; 'Place …' gibi numarasız adresler düşük hassasiyet.,Bulundu,Engellendi,logs/collection_log.jsonl,scripts/geocode_sample.py,"Çalıştır, skor ve citycode (751xx) kontrol et"
I_paris_tourisme,Paris je t'aime – Office du tourisme,Chiffres clés du tourisme parisien,Turizm bağlamı (Paris/Grand Paris geneli),https://parisjetaime.com/professionnels/article/chiffres-cles-du-tourisme-parisien-a1299,Sayfa + PDF bağlantıları (dinamik),Hayır — ağ politikası engelledi,Rapor (bağlamsal),HTML/PDF,Paris ve Grand Paris (karışık; her rakamın kapsamı not edilmeli),Şehir/bölge geneli,2024 ve 2025 rakamları (arama özeti; doğrulanmadı),Yıllık,2026-10-07 (deneme; bağlantı reddedildi),—,—,—,Doğrulanmadı (telifli rapor olabilir; alıntı/atıf),Ücretsiz,GET sayfa,0,Mahalle düzeyinde ölçüm DEĞİL; 'Grand Paris' rakamları Paris belediyesi değildir.,Bulundu,Engellendi (tür: Yalnızca rapor),logs/collection_log.jsonl,scripts/fetch_reports.py,Rakamları kapsamıyla birlikte elle kaydet
J_paris_arrondissements,Ville de Paris (opendata.paris.fr),Arrondissements,Kapsam sınırı (20 arrondissement) ve tampon tasarımı; harita altlığı,https://opendata.paris.fr/explore/dataset/arrondissements/,https://opendata.paris.fr/api/explore/v2.1/catalog/datasets/arrondissements/exports/geojson,Hayır — ağ politikası engelledi,Toplu dosya (20 poligon),GeoJSON,Paris,Arrondissement,Sabit sınırlar,Doğrulanmadı,2026-10-07 (deneme; bağlantı reddedildi),"c_ar, c_arinsee, l_ar, geometri (doğrulanmadı)",c_arinsee (75101–75120),WGS84 (ODS dışa aktarımı),Doğrulanmadı (Paris Open Data: ODbL beklenir),Ücretsiz,GET meta + GeoJSON,0,Ek kaynak (istekte yoktu); kapsam filtresi için eklendi.,Bulundu,Engellendi,logs/collection_log.jsonl,scripts/fetch_opendatasoft.py --only J_paris_arrondissements,20 poligon makullük kontrolü (otomatik)
